\c project

insert into clothes values ('10','Top',500,'Blue','M','Cotton',5, '1234','https://5.imimg.com/data5/GJ/NU/MY-9985808/7e01ad7b2931ae66c1216428e8d1d1d4-500x500.jpg');
insert into clothes values ('11','Top',200,'Black','S','Cotton',3, '1234','https://cdn.shopify.com/s/files/1/1942/9961/products/MG_9197_1024x1024.jpg?v=1598786236');
insert into clothes values ('12','Bottom',400,'Blue','L','Nylon',5, '6376', 'https://media.endclothing.com/media/catalog/product/n/i/nike-nrg-track-pant---psychic-blue---_cd6544-436_1.jpg');
insert into clothes values ('13','Bottom',260,'Black','XS','Linen',2, '4733', 'https://cdn.webshopapp.com/shops/212063/files/312076554/650x650x2/chrome-industries-seneca-chino-pants-womens-black.jpg');
insert into clothes values ('14','Bottom',1200,'Black','XL','Denim',5, '4733', 'https://juniorcouture.com/images/ido-boys-black-jeans-p9534-35814_zoom.jpg');
insert into clothes values ('15','Dress',1200,'White','M','Linen',4, '4299', 'https://img.ltwebstatic.com/images3_pi/2020/06/30/1593494776cbbeae15422bc9c2f00e0965a4f32add_thumbnail_600x.webp');
insert into clothes values ('16','Dress',2000,'Purple','S','Synthetic',2, '4299', 'https://i.pinimg.com/originals/4f/b2/44/4fb244500b06c8b05c5279c7fed3a84e.jpg');
insert into clothes values ('17','Ethnic',5000,'Red','XS','Cotton',5, '4299', 'https://fashiondeal.in/image/cache/catalog/Mahaveer-Apparel--/red-malay-satin-silk-kurti-6306-1000x1000.jpg');
insert into clothes values ('18','Ethnic',1500,'Pink','L','Nylon',1, '1234', 'https://cdn.shopify.com/s/files/1/1105/1322/products/Pastel_Pink_Designer_Heavy_Embroidered_Net_Wedding_Lehenga_Choli_4_-_Saira_s_Boutique_1024x1024.jpg');


insert into customer values(1,'Neha',9932737253,row('No. 22','Infantry road','Bangalore','Karnataka',560004),'gsa@xyz.com');
insert into customer values(2,'Arjun',9236352727,row('No. 42','Castle road','Bangalore','Karnataka',560034),'sqh@xyz.com');
insert into customer values(3,'Arun',9233352727,row('No. 7','Castle road','Bangalore','Karnataka',560034),'wjd@xyz.com');
insert into customer values(4,'Aruna',9233352728,row('No. 31','Shivajinagar','Bangalore','Karnataka',560004),'wwd@abc.com');
insert into customer values(5,'Preeti',9288352727,row('No. 137','Temple road','Mysore','Karnataka',560002),'djadd@abc.com');
insert into customer values(6,'Prachi',8188352727,row('No. 122','BT Layout','Mysore','Karnataka',560023),'wheh@abc.com');
insert into customer values(7,'Jahnvi',9288332727,row('No. 13','Temple road','Mysore','Karnataka',560075),'ddd@pqr.com');
insert into customer values(8,'Guhan',9288352720,row('No. 92','T Square','Mysore','Karnataka',5600042),'dabjd@pqr.com');


insert into store values('1234', 'Rent-A-Swag', row('43 First Floor', '10th Cross Vasanth Nagar', 'Bengaluru', 'Karnataka', '560052'), '9898765644');	
insert into store values('9987', 'Owl House', row('93 Ground Floor', '5th Main 3rd Cross Richmond Town', 'Bengaluru', 'Karnataka', '560097'), '8735645298');
insert into store values('6376', 'The Blouse Barn', row('#412 3rd cross', '12th Main Kalyan Nagar', 'Bengaluru', 'Karnataka', '560043'), '9464639485');
insert into store values('4733', 'Clothes Shoppee', row('No. 3 3rd Cross', '4th Main Koramangala', 'Bengaluru', 'Karnataka', '560017'), '7948563725');
insert into store values('2833', 'Clothes Shoppee', row('#872 Althea', 'Horamavu', 'Bengaluru', 'Karnataka', '560042'), '9366798190');
insert into store values('4299', 'Hawaian Haze', row('23 Second Street', '3rd Main JP Nagar', 'Bengaluru', 'Karnataka', '560567'), '794563725');
insert into store values('4349', 'Hawaian Haze', row('Azalea Ground Floor', '7th cross Kasturi Nagar', 'Bengaluru', 'Karnataka', '560017'), '794563725');


insert into seller values('1001','ABC Clothing','abc_clothing@hmail.com','6787656722',row('No. 66', '5th Cross Vasanth Nagar', 'Bengaluru', 'Karnataka', '560052'),'8','tops','1234');
insert into seller values('1002','Rajini Ladies Wear','rlw@yoohoo.com','6492735142',row('6 3rd Main', 'Koramangala', 'Bengaluru', 'Karnataka', '560017'),'7','ethnic','1234');
insert into seller values('1003','Malnad Textiles','malnad@xyzmail.co.in','9485649204',row('No. 12 4th Cross', '12th Main Indiranagar', 'Bengaluru', 'Karnataka', '560022'),'9','tops','9987');
insert into seller values('1004','Blue Fabrics','blueshop@hmail.com','8889762098',row('6 First Floor', '7th Cross Rajajinagar', 'Bengaluru', 'Karnataka', '560033'),'5','dresses','6376');
insert into seller values('1005','TSR Silks','tsrsilks@hmail.com','9745657368',row('No. 5 3rd Cross', '5th Main Marathahalli', 'Bengaluru', 'Karnataka', '560097'),'7','ethnic','4733');
insert into seller values('1006','Attire Creations','creations.attire@yoohoo.com','749374962',row('No. 3 7th Cross', '3rd Main Malleshwaram', 'Bengaluru', 'Karnataka', '560027'),'10','bottoms','6376');
insert into seller values('1007','Hotspot','hotspot@hmail.com','8993746003',row('4 2nd Floor', '5th Cross Richmond Town', 'Bengaluru', 'Karnataka', '560097'),'6','dresses','4299');
insert into seller values('1008','3W Fashions','3wservice@threew.com','7786778765',row('12 Ground Floor', '13th Main Koramangala', 'Bengaluru', 'Karnataka', '560017'),'8','tops','4299');
insert into seller values('1009','Magnetism','magnet@xyzmail.co.in','98967658',row('No. 63', '9th Cross Vasanth Nagar', 'Bengaluru', 'Karnataka', '560052'),'9','dresses','4733');
insert into seller values('1010','Highlight','high_light@hmail.com','7009803452',row('13/7 5th Cross', '3rd Main Malleshwaram', 'Bengaluru', 'Karnataka', '560027'),'7','bottoms','4349');
		
insert into order_det values(11001, '12' , 'order placed', 599, 7, 1);
insert into order_det values(11002, '16' , 'order placed', 599, 7, 3);
insert into order_det values(11003, '11' , 'order dispatched', 999, 14, 3);
insert into order_det values(11004, '18' , 'out for delivery', 1099, 7, 8);
insert into order_det values(11005, '14' , 'order received', 499, 21, 1);
insert into order_det values(11006, '17' , 'order placed', 699, 28, 8);
insert into order_det values(11007, '10' , 'order received', 1500, 7, 2);
insert into order_det values(11008, '11' , 'order dispatched', 800, 14, 2);
insert into order_det values(11009, '15' , 'order dispatched', 799, 7, 5);


insert into payment values(700001, 'UPI', 599, 11001, 'payment confirmed');
insert into payment values(700002, 'Net banking', 599, 11002, 'payment confirmed');
insert into payment values(700003, 'Amazon Pay', 999, 11003, 'payment processing');
insert into payment values(700004, 'Credit card', 1099, 11004, 'payment confirmed');
insert into payment values(700005, 'UPI', 499, 11005, 'payment confirmed');
insert into payment values(700006, 'Net Banking', 699, 11006, 'payment processing');
insert into payment values(700007, 'Debit Card', 1500, 11007, 'payment failed');
insert into payment values(700008, 'UPI', 800, 11008, 'payment confirmed');
insert into payment values(700009, 'UPI', 799, 11009, 'payment confirmed');

insert into delivery values(50001, row('No. 22','Infantry road','Bangalore','Karnataka',560004), 'Neha', 'order dispatched', '2021-10-09', 11001, 1);
insert into delivery values(50002, row('No. 7','Castle road','Bangalore','Karnataka',560034), 'Arun', 'order dispatched', '2021-08-19', 11002, 3);
insert into delivery values(50003, row('No. 7','Castle road','Bangalore','Karnataka',560034), 'Arun', 'order dispatched', '2021-08-19', 11003, 3);
insert into delivery values(50004, row('No. 92','T Square','Mysore','Karnataka',5600042), 'Guhan', 'order dispatched', '2021-09-29', 11004, 8);
insert into delivery values(50005, row('No. 22','Infantry road','Bangalore','Karnataka',560004), 'Neha', 'order dispatched', '2021-09-27', 11005, 1);
insert into delivery values(50006, row('No. 92','T Square','Mysore','Karnataka',5600042), 'Guhan', 'order dispatched', '2021-09-19', 11006, 8);
insert into delivery values(50007, row('No. 42','Castle road','Bangalore','Karnataka',560034), 'Arjun', 'order dispatched', '2021-10-02', 11007, 2);
insert into delivery values(50008, row('No. 42','Castle road','Bangalore','Karnataka',560034), 'Arjun', 'order dispatched', '2021-10-04', 11008, 2);
insert into delivery values(50009, row('No. 137','Temple road','Mysore','Karnataka',560002), 'Preeti', 'order dispatched', '2021-10-08', 11009, 5);


insert into store_reviews values(1, '1234', '12', 8);
insert into store_reviews values(2, '6376', '10', 9);
insert into store_reviews values(5, '1234', '15', 7);
insert into store_reviews values(8, '4733', '17', 8);
insert into store_reviews values(2, '4299', '11', 10);

			

